Mutation	Alignment position	Score	Adjusted incidence	BLOSUM62 delta
W152C	153	127.3998575264398	9.799989040495369	13
L452R	456	121.41377609732041	20.235629349553403	6
N501Y	505	85.02822072442325	10.628527590552906	8
E484K	488	74.37119842183134	18.592799605457834	4
S13I	13	59.214203518000986	9.869033919666832	6
P681R	685	56.399802728916654	6.266644747657406	9
T95I	95	54.828209764918626	9.138034960819772	6
V1176F	1180	49.69039399419146	9.938078798838292	5
D138Y	138	47.20697024494493	5.245218916104992	9
L18F	18	45.55208504575593	11.388021261438983	4
P26S	26	40.85703326209655	5.107129157762069	8
A701V	705	40.58085374541071	10.145213436352677	4
D253G	257	38.64978902953586	5.521398432790837	7
D80A	80	38.64759712860978	4.830949641076223	8
D215G	216	34.29996164173379	4.8999945202476844	7
I834N	838	33.81664748753356	4.830949641076223	7
H655Y	659	31.88558277165872	5.314263795276453	6
T1027I	1031	30.642774946572413	5.107129157762069	6
R190S	191	29.81423639651488	4.969039399419146	6
F157S	158	29.485451257603156	3.6856814072003945	8
K417T	421	28.985697846457334	4.830949641076223	6
G614D	618	28.51553509781358	4.073647871116226	7
Y145-	145	27.276015124116388	6.819003781029097	4
D950H	954	25.79976985040276	3.6856814072003945	7
L5F	5	25.675927448079346	6.4189818620198364	4
T20N	20	24.84519699709573	4.969039399419146	5
D80G	80	24.34982738780207	3.4785467696860097	7
K417N	421	24.154748205381114	4.830949641076223	5
A222V	226	22.646720368239357	5.661680092059839	4
G142D	142	20.96662830840046	2.99523261548578	7
S477N	481	20.49975341114581	6.833251137048604	3
E156G	157	20.48331415420023	2.9261877363143185	7
L244-	248	20.152337114362428	5.038084278590607	4
A243-	247	19.876157597676585	4.969039399419146	4
L242-	246	19.599978080990738	4.8999945202476844	4
T478K	482	19.214203518000986	3.202367253000164	6
T859N	863	19.118855827716587	3.8237711655433175	5
T19R	19	17.97139569291468	2.99523261548578	6
Q677H	681	17.73795824428736	3.547591648857472	5
F888L	892	17.55712641788591	2.9261877363143185	6
H69-	69	16.123623212230807	4.030905803057702	4
V70-	70	16.123623212230807	4.030905803057702	4
D950N	954	15.321387473286208	3.0642774946572415	5
Q1071H	1075	15.321387473286208	3.0642774946572415	5
A67V	67	11.98093046194312	2.99523261548578	4
E154K	155	11.98093046194312	2.99523261548578	4
Q52R	52	11.704750945257274	2.9261877363143185	4
F157-	158	11.704750945257274	2.9261877363143185	4
R158-	159	11.704750945257274	2.9261877363143185	4
E484Q	488	9.192832483971724	3.0642774946572415	3